{
  "_format": "hh-sol-cache-2",
  "files": {
    "/Users/kayak/Blockchain/myProjects/boundlottery/lottery_contract/node_modules/@chainlink/contracts/src/v0.6/tests/VRFCoordinatorMock.sol": {
      "lastModificationDate": 1644418951875,
      "contentHash": "88954060c412aad4831523a50b3b6653",
      "sourceName": "@chainlink/contracts/src/v0.6/tests/VRFCoordinatorMock.sol",
      "solcConfig": {
        "version": "0.6.6",
        "settings": {
          "optimizer": {
            "enabled": false,
            "runs": 200
          },
          "outputSelection": {
            "*": {
              "*": [
                "abi",
                "evm.bytecode",
                "evm.deployedBytecode",
                "evm.methodIdentifiers"
              ],
              "": [
                "ast"
              ]
            }
          }
        }
      },
      "imports": [
        "../interfaces/LinkTokenInterface.sol",
        "../VRFConsumerBase.sol"
      ],
      "versionPragmas": [
        "0.6.6"
      ],
      "artifacts": [
        "VRFCoordinatorMock"
      ]
    },
    "/Users/kayak/Blockchain/myProjects/boundlottery/lottery_contract/contracts/Mock_VRFCoordinator.sol": {
      "lastModificationDate": 1644418928144,
      "contentHash": "ee58ffbd92bc849a39f163699fe335a0",
      "sourceName": "contracts/Mock_VRFCoordinator.sol",
      "solcConfig": {
        "version": "0.6.6",
        "settings": {
          "optimizer": {
            "enabled": false,
            "runs": 200
          },
          "outputSelection": {
            "*": {
              "*": [
                "abi",
                "evm.bytecode",
                "evm.deployedBytecode",
                "evm.methodIdentifiers"
              ],
              "": [
                "ast"
              ]
            }
          }
        }
      },
      "imports": [
        "@chainlink/contracts/src/v0.6/tests/VRFCoordinatorMock.sol",
        "./ILottery.sol"
      ],
      "versionPragmas": [
        "^0.6.0"
      ],
      "artifacts": [
        "Mock_VRFCoordinator"
      ]
    },
    "/Users/kayak/Blockchain/myProjects/boundlottery/lottery_contract/contracts/RandomNumberGenerator.sol": {
      "lastModificationDate": 1644418928142,
      "contentHash": "ee878aaf1a87f2468ee6eb9329cad6f2",
      "sourceName": "contracts/RandomNumberGenerator.sol",
      "solcConfig": {
        "version": "0.6.12",
        "settings": {
          "optimizer": {
            "enabled": false,
            "runs": 200
          },
          "outputSelection": {
            "*": {
              "*": [
                "abi",
                "evm.bytecode",
                "evm.deployedBytecode",
                "evm.methodIdentifiers"
              ],
              "": [
                "ast"
              ]
            }
          }
        }
      },
      "imports": [
        "@chainlink/contracts/src/v0.6/VRFConsumerBase.sol",
        "./ILottery.sol"
      ],
      "versionPragmas": [
        "0.6.12"
      ],
      "artifacts": [
        "RandomNumberGenerator"
      ]
    },
    "/Users/kayak/Blockchain/myProjects/boundlottery/lottery_contract/node_modules/@chainlink/contracts/src/v0.6/VRFConsumerBase.sol": {
      "lastModificationDate": 1644418951897,
      "contentHash": "d0814ffd4b6a10aaed8b311ff73f341a",
      "sourceName": "@chainlink/contracts/src/v0.6/VRFConsumerBase.sol",
      "solcConfig": {
        "version": "0.6.12",
        "settings": {
          "optimizer": {
            "enabled": false,
            "runs": 200
          },
          "outputSelection": {
            "*": {
              "*": [
                "abi",
                "evm.bytecode",
                "evm.deployedBytecode",
                "evm.methodIdentifiers"
              ],
              "": [
                "ast"
              ]
            }
          }
        }
      },
      "imports": [
        "./vendor/SafeMathChainlink.sol",
        "./interfaces/LinkTokenInterface.sol",
        "./VRFRequestIDBase.sol"
      ],
      "versionPragmas": [
        "^0.6.0"
      ],
      "artifacts": [
        "VRFConsumerBase"
      ]
    },
    "/Users/kayak/Blockchain/myProjects/boundlottery/lottery_contract/node_modules/@chainlink/contracts/src/v0.6/vendor/SafeMathChainlink.sol": {
      "lastModificationDate": 1644418951900,
      "contentHash": "5caf46296cfce2e0b96cb3028b626ee5",
      "sourceName": "@chainlink/contracts/src/v0.6/vendor/SafeMathChainlink.sol",
      "solcConfig": {
        "version": "0.6.12",
        "settings": {
          "optimizer": {
            "enabled": false,
            "runs": 200
          },
          "outputSelection": {
            "*": {
              "*": [
                "abi",
                "evm.bytecode",
                "evm.deployedBytecode",
                "evm.methodIdentifiers"
              ],
              "": [
                "ast"
              ]
            }
          }
        }
      },
      "imports": [],
      "versionPragmas": [
        "^0.6.0"
      ],
      "artifacts": [
        "SafeMathChainlink"
      ]
    },
    "/Users/kayak/Blockchain/myProjects/boundlottery/lottery_contract/node_modules/@chainlink/contracts/src/v0.6/interfaces/LinkTokenInterface.sol": {
      "lastModificationDate": 1644418951903,
      "contentHash": "bb291d0e43a81edd96f781b2760d9553",
      "sourceName": "@chainlink/contracts/src/v0.6/interfaces/LinkTokenInterface.sol",
      "solcConfig": {
        "version": "0.6.12",
        "settings": {
          "optimizer": {
            "enabled": false,
            "runs": 200
          },
          "outputSelection": {
            "*": {
              "*": [
                "abi",
                "evm.bytecode",
                "evm.deployedBytecode",
                "evm.methodIdentifiers"
              ],
              "": [
                "ast"
              ]
            }
          }
        }
      },
      "imports": [],
      "versionPragmas": [
        "^0.6.0"
      ],
      "artifacts": [
        "LinkTokenInterface"
      ]
    },
    "/Users/kayak/Blockchain/myProjects/boundlottery/lottery_contract/node_modules/@chainlink/contracts/src/v0.6/VRFRequestIDBase.sol": {
      "lastModificationDate": 1644418951850,
      "contentHash": "d06006d32515b595a7b70c88328ffd7e",
      "sourceName": "@chainlink/contracts/src/v0.6/VRFRequestIDBase.sol",
      "solcConfig": {
        "version": "0.6.12",
        "settings": {
          "optimizer": {
            "enabled": false,
            "runs": 200
          },
          "outputSelection": {
            "*": {
              "*": [
                "abi",
                "evm.bytecode",
                "evm.deployedBytecode",
                "evm.methodIdentifiers"
              ],
              "": [
                "ast"
              ]
            }
          }
        }
      },
      "imports": [],
      "versionPragmas": [
        "^0.6.0"
      ],
      "artifacts": [
        "VRFRequestIDBase"
      ]
    },
    "/Users/kayak/Blockchain/myProjects/boundlottery/lottery_contract/contracts/Lottery.sol": {
      "lastModificationDate": 1644484960582,
      "contentHash": "ff59b16e20b6406f89659c13a481dbb8",
      "sourceName": "contracts/Lottery.sol",
      "solcConfig": {
        "version": "0.6.12",
        "settings": {
          "optimizer": {
            "enabled": false,
            "runs": 200
          },
          "outputSelection": {
            "*": {
              "*": [
                "abi",
                "evm.bytecode",
                "evm.deployedBytecode",
                "evm.methodIdentifiers"
              ],
              "": [
                "ast"
              ]
            }
          }
        }
      },
      "imports": [
        "@openzeppelin/contracts/token/ERC20/IERC20.sol",
        "@openzeppelin/contracts/token/ERC20/SafeERC20.sol",
        "@openzeppelin/contracts/utils/Address.sol",
        "@openzeppelin/contracts/proxy/Initializable.sol",
        "@openzeppelin/contracts/access/Ownable.sol",
        "./IRandomNumberGenerator.sol",
        "./ILotteryNFT.sol",
        "./Testable.sol",
        "@openzeppelin/contracts/math/SafeMath.sol",
        "./SafeMath16.sol",
        "./SafeMath8.sol"
      ],
      "versionPragmas": [
        ">0.6.0"
      ],
      "artifacts": [
        "Lottery"
      ]
    },
    "/Users/kayak/Blockchain/myProjects/boundlottery/lottery_contract/contracts/IRandomNumberGenerator.sol": {
      "lastModificationDate": 1644418928148,
      "contentHash": "d2f902f0f8f2b48675063a9a897b1b84",
      "sourceName": "contracts/IRandomNumberGenerator.sol",
      "solcConfig": {
        "version": "0.6.12",
        "settings": {
          "optimizer": {
            "enabled": false,
            "runs": 200
          },
          "outputSelection": {
            "*": {
              "*": [
                "abi",
                "evm.bytecode",
                "evm.deployedBytecode",
                "evm.methodIdentifiers"
              ],
              "": [
                "ast"
              ]
            }
          }
        }
      },
      "imports": [],
      "versionPragmas": [
        "0.6.12"
      ],
      "artifacts": [
        "IRandomNumberGenerator"
      ]
    },
    "/Users/kayak/Blockchain/myProjects/boundlottery/lottery_contract/contracts/LotteryUpgradeProxy.sol": {
      "lastModificationDate": 1644418928147,
      "contentHash": "9877e4f74d9f2cf7b34faaf7d0873ca1",
      "sourceName": "contracts/LotteryUpgradeProxy.sol",
      "solcConfig": {
        "version": "0.6.12",
        "settings": {
          "optimizer": {
            "enabled": false,
            "runs": 200
          },
          "outputSelection": {
            "*": {
              "*": [
                "abi",
                "evm.bytecode",
                "evm.deployedBytecode",
                "evm.methodIdentifiers"
              ],
              "": [
                "ast"
              ]
            }
          }
        }
      },
      "imports": [
        "@openzeppelin/contracts/proxy/TransparentUpgradeableProxy.sol"
      ],
      "versionPragmas": [
        "0.6.12"
      ],
      "artifacts": [
        "LotteryUpgradeProxy"
      ]
    },
    "/Users/kayak/Blockchain/myProjects/boundlottery/lottery_contract/contracts/ILottery.sol": {
      "lastModificationDate": 1644418928143,
      "contentHash": "b16e566a6e8c0f4c017108ff1844dfae",
      "sourceName": "contracts/ILottery.sol",
      "solcConfig": {
        "version": "0.7.3",
        "settings": {
          "optimizer": {
            "enabled": false,
            "runs": 200
          },
          "outputSelection": {
            "*": {
              "*": [
                "abi",
                "evm.bytecode",
                "evm.deployedBytecode",
                "evm.methodIdentifiers"
              ],
              "": [
                "ast"
              ]
            }
          }
        }
      },
      "imports": [],
      "versionPragmas": [
        ">=0.6.0 <0.8.0"
      ],
      "artifacts": [
        "ILottery"
      ]
    },
    "/Users/kayak/Blockchain/myProjects/boundlottery/lottery_contract/contracts/LotteryNFT.sol": {
      "lastModificationDate": 1644418928149,
      "contentHash": "b092e0133d3e3cbb798884fef24f3293",
      "sourceName": "contracts/LotteryNFT.sol",
      "solcConfig": {
        "version": "0.7.3",
        "settings": {
          "optimizer": {
            "enabled": false,
            "runs": 200
          },
          "outputSelection": {
            "*": {
              "*": [
                "abi",
                "evm.bytecode",
                "evm.deployedBytecode",
                "evm.methodIdentifiers"
              ],
              "": [
                "ast"
              ]
            }
          }
        }
      },
      "imports": [
        "@openzeppelin/contracts/token/ERC1155/ERC1155.sol",
        "@openzeppelin/contracts/access/Ownable.sol",
        "@openzeppelin/contracts/utils/Counters.sol",
        "./ILottery.sol",
        "./Testable.sol",
        "@openzeppelin/contracts/math/SafeMath.sol",
        "./SafeMath16.sol",
        "./SafeMath8.sol"
      ],
      "versionPragmas": [
        "0.7.3"
      ],
      "artifacts": [
        "LotteryNFT"
      ]
    },
    "/Users/kayak/Blockchain/myProjects/boundlottery/lottery_contract/node_modules/@openzeppelin/contracts/token/ERC1155/ERC1155.sol": {
      "lastModificationDate": 1644418969059,
      "contentHash": "33407bb7ff4811650cd1c328e646e55d",
      "sourceName": "@openzeppelin/contracts/token/ERC1155/ERC1155.sol",
      "solcConfig": {
        "version": "0.7.3",
        "settings": {
          "optimizer": {
            "enabled": false,
            "runs": 200
          },
          "outputSelection": {
            "*": {
              "*": [
                "abi",
                "evm.bytecode",
                "evm.deployedBytecode",
                "evm.methodIdentifiers"
              ],
              "": [
                "ast"
              ]
            }
          }
        }
      },
      "imports": [
        "./IERC1155.sol",
        "./IERC1155MetadataURI.sol",
        "./IERC1155Receiver.sol",
        "../../utils/Context.sol",
        "../../introspection/ERC165.sol",
        "../../math/SafeMath.sol",
        "../../utils/Address.sol"
      ],
      "versionPragmas": [
        ">=0.6.0 <0.8.0"
      ],
      "artifacts": [
        "ERC1155"
      ]
    },
    "/Users/kayak/Blockchain/myProjects/boundlottery/lottery_contract/node_modules/@openzeppelin/contracts/access/Ownable.sol": {
      "lastModificationDate": 1644418969073,
      "contentHash": "6748815a5b45c4aeeda56819f41190e0",
      "sourceName": "@openzeppelin/contracts/access/Ownable.sol",
      "solcConfig": {
        "version": "0.7.3",
        "settings": {
          "optimizer": {
            "enabled": false,
            "runs": 200
          },
          "outputSelection": {
            "*": {
              "*": [
                "abi",
                "evm.bytecode",
                "evm.deployedBytecode",
                "evm.methodIdentifiers"
              ],
              "": [
                "ast"
              ]
            }
          }
        }
      },
      "imports": [
        "../utils/Context.sol"
      ],
      "versionPragmas": [
        ">=0.6.0 <0.8.0"
      ],
      "artifacts": [
        "Ownable"
      ]
    },
    "/Users/kayak/Blockchain/myProjects/boundlottery/lottery_contract/node_modules/@openzeppelin/contracts/utils/Counters.sol": {
      "lastModificationDate": 1644418969095,
      "contentHash": "304a56eb1322144704fb39f8c7e6d722",
      "sourceName": "@openzeppelin/contracts/utils/Counters.sol",
      "solcConfig": {
        "version": "0.7.3",
        "settings": {
          "optimizer": {
            "enabled": false,
            "runs": 200
          },
          "outputSelection": {
            "*": {
              "*": [
                "abi",
                "evm.bytecode",
                "evm.deployedBytecode",
                "evm.methodIdentifiers"
              ],
              "": [
                "ast"
              ]
            }
          }
        }
      },
      "imports": [
        "../math/SafeMath.sol"
      ],
      "versionPragmas": [
        ">=0.6.0 <0.8.0"
      ],
      "artifacts": [
        "Counters"
      ]
    },
    "/Users/kayak/Blockchain/myProjects/boundlottery/lottery_contract/contracts/Testable.sol": {
      "lastModificationDate": 1644418928149,
      "contentHash": "ece22f1ea5ed93825f21bd444e120980",
      "sourceName": "contracts/Testable.sol",
      "solcConfig": {
        "version": "0.7.3",
        "settings": {
          "optimizer": {
            "enabled": false,
            "runs": 200
          },
          "outputSelection": {
            "*": {
              "*": [
                "abi",
                "evm.bytecode",
                "evm.deployedBytecode",
                "evm.methodIdentifiers"
              ],
              "": [
                "ast"
              ]
            }
          }
        }
      },
      "imports": [
        "./Timer.sol"
      ],
      "versionPragmas": [
        ">=0.6.0 <0.8.0"
      ],
      "artifacts": [
        "Testable"
      ]
    },
    "/Users/kayak/Blockchain/myProjects/boundlottery/lottery_contract/node_modules/@openzeppelin/contracts/math/SafeMath.sol": {
      "lastModificationDate": 1644418969110,
      "contentHash": "e03e12206057e809eb76c5f681170c32",
      "sourceName": "@openzeppelin/contracts/math/SafeMath.sol",
      "solcConfig": {
        "version": "0.7.3",
        "settings": {
          "optimizer": {
            "enabled": false,
            "runs": 200
          },
          "outputSelection": {
            "*": {
              "*": [
                "abi",
                "evm.bytecode",
                "evm.deployedBytecode",
                "evm.methodIdentifiers"
              ],
              "": [
                "ast"
              ]
            }
          }
        }
      },
      "imports": [],
      "versionPragmas": [
        ">=0.6.0 <0.8.0"
      ],
      "artifacts": [
        "SafeMath"
      ]
    },
    "/Users/kayak/Blockchain/myProjects/boundlottery/lottery_contract/contracts/SafeMath16.sol": {
      "lastModificationDate": 1644418928145,
      "contentHash": "dd5a21b6f1c2034356e48e88177e0154",
      "sourceName": "contracts/SafeMath16.sol",
      "solcConfig": {
        "version": "0.7.3",
        "settings": {
          "optimizer": {
            "enabled": false,
            "runs": 200
          },
          "outputSelection": {
            "*": {
              "*": [
                "abi",
                "evm.bytecode",
                "evm.deployedBytecode",
                "evm.methodIdentifiers"
              ],
              "": [
                "ast"
              ]
            }
          }
        }
      },
      "imports": [],
      "versionPragmas": [
        ">=0.6.0 <0.8.0"
      ],
      "artifacts": [
        "SafeMath16"
      ]
    },
    "/Users/kayak/Blockchain/myProjects/boundlottery/lottery_contract/contracts/SafeMath8.sol": {
      "lastModificationDate": 1644418928147,
      "contentHash": "d59ef8b81a67d8eb74cee74232198dc5",
      "sourceName": "contracts/SafeMath8.sol",
      "solcConfig": {
        "version": "0.7.3",
        "settings": {
          "optimizer": {
            "enabled": false,
            "runs": 200
          },
          "outputSelection": {
            "*": {
              "*": [
                "abi",
                "evm.bytecode",
                "evm.deployedBytecode",
                "evm.methodIdentifiers"
              ],
              "": [
                "ast"
              ]
            }
          }
        }
      },
      "imports": [],
      "versionPragmas": [
        ">=0.6.0 <0.8.0"
      ],
      "artifacts": [
        "SafeMath8"
      ]
    },
    "/Users/kayak/Blockchain/myProjects/boundlottery/lottery_contract/node_modules/@openzeppelin/contracts/token/ERC1155/IERC1155.sol": {
      "lastModificationDate": 1644418969061,
      "contentHash": "cb9dc62067a205eeab4f390c72c7fe14",
      "sourceName": "@openzeppelin/contracts/token/ERC1155/IERC1155.sol",
      "solcConfig": {
        "version": "0.7.3",
        "settings": {
          "optimizer": {
            "enabled": false,
            "runs": 200
          },
          "outputSelection": {
            "*": {
              "*": [
                "abi",
                "evm.bytecode",
                "evm.deployedBytecode",
                "evm.methodIdentifiers"
              ],
              "": [
                "ast"
              ]
            }
          }
        }
      },
      "imports": [
        "../../introspection/IERC165.sol"
      ],
      "versionPragmas": [
        ">=0.6.2 <0.8.0"
      ],
      "artifacts": [
        "IERC1155"
      ]
    },
    "/Users/kayak/Blockchain/myProjects/boundlottery/lottery_contract/node_modules/@openzeppelin/contracts/token/ERC1155/IERC1155MetadataURI.sol": {
      "lastModificationDate": 1644418969064,
      "contentHash": "9a313e25e2a837a50f7ae87017539457",
      "sourceName": "@openzeppelin/contracts/token/ERC1155/IERC1155MetadataURI.sol",
      "solcConfig": {
        "version": "0.7.3",
        "settings": {
          "optimizer": {
            "enabled": false,
            "runs": 200
          },
          "outputSelection": {
            "*": {
              "*": [
                "abi",
                "evm.bytecode",
                "evm.deployedBytecode",
                "evm.methodIdentifiers"
              ],
              "": [
                "ast"
              ]
            }
          }
        }
      },
      "imports": [
        "./IERC1155.sol"
      ],
      "versionPragmas": [
        ">=0.6.2 <0.8.0"
      ],
      "artifacts": [
        "IERC1155MetadataURI"
      ]
    },
    "/Users/kayak/Blockchain/myProjects/boundlottery/lottery_contract/node_modules/@openzeppelin/contracts/token/ERC1155/IERC1155Receiver.sol": {
      "lastModificationDate": 1644418969061,
      "contentHash": "27af002e8fc1118d099c99fc8852bb73",
      "sourceName": "@openzeppelin/contracts/token/ERC1155/IERC1155Receiver.sol",
      "solcConfig": {
        "version": "0.7.3",
        "settings": {
          "optimizer": {
            "enabled": false,
            "runs": 200
          },
          "outputSelection": {
            "*": {
              "*": [
                "abi",
                "evm.bytecode",
                "evm.deployedBytecode",
                "evm.methodIdentifiers"
              ],
              "": [
                "ast"
              ]
            }
          }
        }
      },
      "imports": [
        "../../introspection/IERC165.sol"
      ],
      "versionPragmas": [
        ">=0.6.0 <0.8.0"
      ],
      "artifacts": [
        "IERC1155Receiver"
      ]
    },
    "/Users/kayak/Blockchain/myProjects/boundlottery/lottery_contract/node_modules/@openzeppelin/contracts/utils/Context.sol": {
      "lastModificationDate": 1644418969102,
      "contentHash": "2adbd82f6d055a4751566d4671512b03",
      "sourceName": "@openzeppelin/contracts/utils/Context.sol",
      "solcConfig": {
        "version": "0.7.3",
        "settings": {
          "optimizer": {
            "enabled": false,
            "runs": 200
          },
          "outputSelection": {
            "*": {
              "*": [
                "abi",
                "evm.bytecode",
                "evm.deployedBytecode",
                "evm.methodIdentifiers"
              ],
              "": [
                "ast"
              ]
            }
          }
        }
      },
      "imports": [],
      "versionPragmas": [
        ">=0.6.0 <0.8.0"
      ],
      "artifacts": [
        "Context"
      ]
    },
    "/Users/kayak/Blockchain/myProjects/boundlottery/lottery_contract/node_modules/@openzeppelin/contracts/introspection/ERC165.sol": {
      "lastModificationDate": 1644418969108,
      "contentHash": "08f854e2dd3c262845bba38c9b48e4e0",
      "sourceName": "@openzeppelin/contracts/introspection/ERC165.sol",
      "solcConfig": {
        "version": "0.7.3",
        "settings": {
          "optimizer": {
            "enabled": false,
            "runs": 200
          },
          "outputSelection": {
            "*": {
              "*": [
                "abi",
                "evm.bytecode",
                "evm.deployedBytecode",
                "evm.methodIdentifiers"
              ],
              "": [
                "ast"
              ]
            }
          }
        }
      },
      "imports": [
        "./IERC165.sol"
      ],
      "versionPragmas": [
        ">=0.6.0 <0.8.0"
      ],
      "artifacts": [
        "ERC165"
      ]
    },
    "/Users/kayak/Blockchain/myProjects/boundlottery/lottery_contract/node_modules/@openzeppelin/contracts/utils/Address.sol": {
      "lastModificationDate": 1644418969098,
      "contentHash": "7aa46886ff5abe7515496208a5e2ce5a",
      "sourceName": "@openzeppelin/contracts/utils/Address.sol",
      "solcConfig": {
        "version": "0.7.3",
        "settings": {
          "optimizer": {
            "enabled": false,
            "runs": 200
          },
          "outputSelection": {
            "*": {
              "*": [
                "abi",
                "evm.bytecode",
                "evm.deployedBytecode",
                "evm.methodIdentifiers"
              ],
              "": [
                "ast"
              ]
            }
          }
        }
      },
      "imports": [],
      "versionPragmas": [
        ">=0.6.2 <0.8.0"
      ],
      "artifacts": [
        "Address"
      ]
    },
    "/Users/kayak/Blockchain/myProjects/boundlottery/lottery_contract/node_modules/@openzeppelin/contracts/introspection/IERC165.sol": {
      "lastModificationDate": 1644418969109,
      "contentHash": "0d62a8380952235f135dae91590f90a3",
      "sourceName": "@openzeppelin/contracts/introspection/IERC165.sol",
      "solcConfig": {
        "version": "0.7.3",
        "settings": {
          "optimizer": {
            "enabled": false,
            "runs": 200
          },
          "outputSelection": {
            "*": {
              "*": [
                "abi",
                "evm.bytecode",
                "evm.deployedBytecode",
                "evm.methodIdentifiers"
              ],
              "": [
                "ast"
              ]
            }
          }
        }
      },
      "imports": [],
      "versionPragmas": [
        ">=0.6.0 <0.8.0"
      ],
      "artifacts": [
        "IERC165"
      ]
    },
    "/Users/kayak/Blockchain/myProjects/boundlottery/lottery_contract/contracts/Timer.sol": {
      "lastModificationDate": 1644418928146,
      "contentHash": "76b66d8653e02de70716cda7446a0d3b",
      "sourceName": "contracts/Timer.sol",
      "solcConfig": {
        "version": "0.7.3",
        "settings": {
          "optimizer": {
            "enabled": false,
            "runs": 200
          },
          "outputSelection": {
            "*": {
              "*": [
                "abi",
                "evm.bytecode",
                "evm.deployedBytecode",
                "evm.methodIdentifiers"
              ],
              "": [
                "ast"
              ]
            }
          }
        }
      },
      "imports": [],
      "versionPragmas": [
        ">=0.6.0 <0.8.0"
      ],
      "artifacts": [
        "Timer"
      ]
    },
    "/Users/kayak/Blockchain/myProjects/boundlottery/lottery_contract/node_modules/@openzeppelin/contracts/token/ERC20/ERC20.sol": {
      "lastModificationDate": 1644418969032,
      "contentHash": "8065b340476f61365c076897199425f1",
      "sourceName": "@openzeppelin/contracts/token/ERC20/ERC20.sol",
      "solcConfig": {
        "version": "0.7.3",
        "settings": {
          "optimizer": {
            "enabled": false,
            "runs": 200
          },
          "outputSelection": {
            "*": {
              "*": [
                "abi",
                "evm.bytecode",
                "evm.deployedBytecode",
                "evm.methodIdentifiers"
              ],
              "": [
                "ast"
              ]
            }
          }
        }
      },
      "imports": [
        "../../utils/Context.sol",
        "./IERC20.sol",
        "../../math/SafeMath.sol"
      ],
      "versionPragmas": [
        ">=0.6.0 <0.8.0"
      ],
      "artifacts": [
        "ERC20"
      ]
    },
    "/Users/kayak/Blockchain/myProjects/boundlottery/lottery_contract/node_modules/@openzeppelin/contracts/token/ERC20/IERC20.sol": {
      "lastModificationDate": 1644418969030,
      "contentHash": "e0a41531d159d3a32f84b7a3ecf9fabb",
      "sourceName": "@openzeppelin/contracts/token/ERC20/IERC20.sol",
      "solcConfig": {
        "version": "0.7.3",
        "settings": {
          "optimizer": {
            "enabled": false,
            "runs": 200
          },
          "outputSelection": {
            "*": {
              "*": [
                "abi",
                "evm.bytecode",
                "evm.deployedBytecode",
                "evm.methodIdentifiers"
              ],
              "": [
                "ast"
              ]
            }
          }
        }
      },
      "imports": [],
      "versionPragmas": [
        ">=0.6.0 <0.8.0"
      ],
      "artifacts": [
        "IERC20"
      ]
    },
    "/Users/kayak/Blockchain/myProjects/boundlottery/lottery_contract/node_modules/@openzeppelin/contracts/token/ERC20/SafeERC20.sol": {
      "lastModificationDate": 1644418969034,
      "contentHash": "33e22842646d746e5c4124c2fdc051aa",
      "sourceName": "@openzeppelin/contracts/token/ERC20/SafeERC20.sol",
      "solcConfig": {
        "version": "0.7.3",
        "settings": {
          "optimizer": {
            "enabled": false,
            "runs": 200
          },
          "outputSelection": {
            "*": {
              "*": [
                "abi",
                "evm.bytecode",
                "evm.deployedBytecode",
                "evm.methodIdentifiers"
              ],
              "": [
                "ast"
              ]
            }
          }
        }
      },
      "imports": [
        "./IERC20.sol",
        "../../math/SafeMath.sol",
        "../../utils/Address.sol"
      ],
      "versionPragmas": [
        ">=0.6.0 <0.8.0"
      ],
      "artifacts": [
        "SafeERC20"
      ]
    },
    "/Users/kayak/Blockchain/myProjects/boundlottery/lottery_contract/node_modules/@openzeppelin/contracts/proxy/UpgradeableProxy.sol": {
      "lastModificationDate": 1644418969067,
      "contentHash": "c163cbd51d0173b71c8137b0ddf1e0ba",
      "sourceName": "@openzeppelin/contracts/proxy/UpgradeableProxy.sol",
      "solcConfig": {
        "version": "0.7.3",
        "settings": {
          "optimizer": {
            "enabled": false,
            "runs": 200
          },
          "outputSelection": {
            "*": {
              "*": [
                "abi",
                "evm.bytecode",
                "evm.deployedBytecode",
                "evm.methodIdentifiers"
              ],
              "": [
                "ast"
              ]
            }
          }
        }
      },
      "imports": [
        "./Proxy.sol",
        "../utils/Address.sol"
      ],
      "versionPragmas": [
        ">=0.6.0 <0.8.0"
      ],
      "artifacts": [
        "UpgradeableProxy"
      ]
    },
    "/Users/kayak/Blockchain/myProjects/boundlottery/lottery_contract/node_modules/@openzeppelin/contracts/proxy/Proxy.sol": {
      "lastModificationDate": 1644418969070,
      "contentHash": "52841a5095656ecbf7bc86cd6c114699",
      "sourceName": "@openzeppelin/contracts/proxy/Proxy.sol",
      "solcConfig": {
        "version": "0.7.3",
        "settings": {
          "optimizer": {
            "enabled": false,
            "runs": 200
          },
          "outputSelection": {
            "*": {
              "*": [
                "abi",
                "evm.bytecode",
                "evm.deployedBytecode",
                "evm.methodIdentifiers"
              ],
              "": [
                "ast"
              ]
            }
          }
        }
      },
      "imports": [],
      "versionPragmas": [
        ">=0.6.0 <0.8.0"
      ],
      "artifacts": [
        "Proxy"
      ]
    },
    "/Users/kayak/Blockchain/myProjects/boundlottery/lottery_contract/node_modules/@openzeppelin/contracts/proxy/TransparentUpgradeableProxy.sol": {
      "lastModificationDate": 1644418969068,
      "contentHash": "572da86d0eb185b41f85df7d2d75378b",
      "sourceName": "@openzeppelin/contracts/proxy/TransparentUpgradeableProxy.sol",
      "solcConfig": {
        "version": "0.7.3",
        "settings": {
          "optimizer": {
            "enabled": false,
            "runs": 200
          },
          "outputSelection": {
            "*": {
              "*": [
                "abi",
                "evm.bytecode",
                "evm.deployedBytecode",
                "evm.methodIdentifiers"
              ],
              "": [
                "ast"
              ]
            }
          }
        }
      },
      "imports": [
        "./UpgradeableProxy.sol"
      ],
      "versionPragmas": [
        ">=0.6.0 <0.8.0"
      ],
      "artifacts": [
        "TransparentUpgradeableProxy"
      ]
    },
    "/Users/kayak/Blockchain/myProjects/boundlottery/lottery_contract/node_modules/@openzeppelin/contracts/proxy/Initializable.sol": {
      "lastModificationDate": 1644418969066,
      "contentHash": "1efacd801320f8f9413700ddbcf00647",
      "sourceName": "@openzeppelin/contracts/proxy/Initializable.sol",
      "solcConfig": {
        "version": "0.7.3",
        "settings": {
          "optimizer": {
            "enabled": false,
            "runs": 200
          },
          "outputSelection": {
            "*": {
              "*": [
                "abi",
                "evm.bytecode",
                "evm.deployedBytecode",
                "evm.methodIdentifiers"
              ],
              "": [
                "ast"
              ]
            }
          }
        }
      },
      "imports": [
        "../utils/Address.sol"
      ],
      "versionPragmas": [
        ">=0.4.24 <0.8.0"
      ],
      "artifacts": [
        "Initializable"
      ]
    },
    "/Users/kayak/Blockchain/myProjects/boundlottery/lottery_contract/contracts/Mock_erc20.sol": {
      "lastModificationDate": 1644484110850,
      "contentHash": "0b1499c72e5a1bf1dd69e2140ea31118",
      "sourceName": "contracts/Mock_erc20.sol",
      "solcConfig": {
        "version": "0.7.3",
        "settings": {
          "optimizer": {
            "enabled": false,
            "runs": 200
          },
          "outputSelection": {
            "*": {
              "*": [
                "abi",
                "evm.bytecode",
                "evm.deployedBytecode",
                "evm.methodIdentifiers"
              ],
              "": [
                "ast"
              ]
            }
          }
        }
      },
      "imports": [
        "@openzeppelin/contracts/token/ERC20/ERC20.sol"
      ],
      "versionPragmas": [
        "0.7.3"
      ],
      "artifacts": [
        "Mock_erc20"
      ]
    },
    "/Users/kayak/Blockchain/myProjects/boundlottery/lottery_contract/contracts/ILotteryNFT.sol": {
      "lastModificationDate": 1644418928140,
      "contentHash": "171fb0c6b5050e6d9d849f9af45ea7fb",
      "sourceName": "contracts/ILotteryNFT.sol",
      "solcConfig": {
        "version": "0.7.3",
        "settings": {
          "optimizer": {
            "enabled": false,
            "runs": 200
          },
          "outputSelection": {
            "*": {
              "*": [
                "abi",
                "evm.bytecode",
                "evm.deployedBytecode",
                "evm.methodIdentifiers"
              ],
              "": [
                "ast"
              ]
            }
          }
        }
      },
      "imports": [],
      "versionPragmas": [
        ">=0.6.0 <0.8.0"
      ],
      "artifacts": [
        "ILotteryNFT"
      ]
    }
  }
}
